val_loss,step,val_acc,epoch,train_loss,train_acc
1.057684302330017,484,0.43362319469451904,0,,
,484,,0,1.0526254177093506,0.4705162048339844
1.0637365579605103,969,0.43362319469451904,1,,
,969,,1,1.0480059385299683,0.47786298394203186
1.0596716403961182,1454,0.43362319469451904,2,,
,1454,,2,1.0463650226593018,0.47805631160736084
1.0549527406692505,1939,0.43362319469451904,3,,
,1939,,3,1.0446711778640747,0.47876521944999695
1.05647611618042,2424,0.43362319469451904,4,,
,2424,,4,1.0421907901763916,0.4781852066516876
1.0636907815933228,2909,0.4214492738246918,5,,
,2909,,5,1.0360430479049683,0.4776696562767029
1.0528240203857422,3394,0.43362319469451904,6,,
,3394,,6,1.0298962593078613,0.47792744636535645
1.0581305027008057,3879,0.4266666769981384,7,,
,3879,,7,1.0273792743682861,0.4805052578449249
1.0588257312774658,4364,0.4330434799194336,8,,
,4364,,8,1.0239862203598022,0.4808919131755829
1.0697190761566162,4849,0.41797101497650146,9,,
,4849,,9,1.0180634260177612,0.48450085520744324
1.09418785572052,5334,0.4272463619709015,10,,
,5334,,10,1.013994574546814,0.48675647377967834
1.124370813369751,5819,0.43014493584632874,11,,
,5819,,11,1.0056456327438354,0.4912031888961792
1.0848287343978882,6304,0.42898550629615784,12,,
,6304,,12,0.9980734586715698,0.49706771969795227
1.154931902885437,6789,0.3971014618873596,13,,
,6789,,13,0.9752584099769592,0.5112457275390625
1.1530524492263794,7274,0.3936232030391693,14,,
,7274,,14,0.9561935067176819,0.5239414572715759
1.2106094360351562,7759,0.39826086163520813,15,,
,7759,,15,0.9371676445007324,0.5362505912780762
1.1899796724319458,8244,0.3797101378440857,16,,
,8244,,16,0.922993004322052,0.5469484925270081
